accn,name,hccf_feed,hccf_large,hccf_small,hccf_mab,hccf_spf1,hccf_spf2,pavin_feed,pavin_large,pavin_small,desc_lower_2,Biophorum DTR,Biophorum high-risk,Levy 2014 - Association,Zhang 2016 - Pro A,Levy 2016 - Coelution,Molden 2021 - 29 DS,Falkenberg 2019 - 6 DS,Kreimer 2017 - 1 DS,Aboulaich 2014 - Association,pavin_mab
NP_001230962.1,40S ribosomal protein SA [Cricetulus griseus],5.553258440285353,80.97927363144356,30.55245507509612,0.0,2.202901386759476,22.66293867097626,0.8543233580602804,64.03866302521045,10.695014945069904,40s ribosomal protein sa,40s ribosomal protein sa,,,,,,,,40s ribosomal protein sa,0.0
NP_001230968.1,elongation factor 2 [Cricetulus griseus],333.2751331539463,2795.757618151008,1407.2271047054185,225.52120535434483,351.4883200610521,404.686367772897,21.621029379861028,1763.5133398324049,321.5250074218555,elongation factor 2,elongation factor 2,,,elongation factor 2,,,,,elongation factor 2,0.0
NP_001230979.1,L-lactate dehydrogenase A chain [Cricetulus griseus],188.0246315905424,5628.15838595564,1695.845476022464,15.179580983921063,44.903710835203626,103.46441688990768,0.1182909614737209,15.68108655808349,2.927208193018669,l lactate dehydrogenase a chain,l lactate dehydrogenase a chain,,,,,,,,l lactate dehydrogenase a chain,0.0
NP_001231331.1,elongation factor 1-alpha 1 [Cricetulus griseus],266.1740252136535,2179.9994339532054,1184.5654619282236,39.15517724986698,68.95507904270623,534.6730412996095,28.065507151108847,1736.7368081496702,778.7127007029405,elongation factor 1 alpha 1,elongation factor 1 alpha,,,elongation factor 1 alpha 1,,elongation factor 1 alpha 1,,,,0.0
NP_001231783.1,glyceraldehyde-3-phosphate dehydrogenase [Cricetulus griseus],341.9331468181808,4741.944618538541,1528.4758069608636,13.227706342554573,166.89221199899714,464.534675721767,28.79494375547923,1568.2986191202556,261.1361145723225,glyceraldehyde 3 phosphate dehydrogenase,glyceraldehyde 3 phosphate dehydrogenase,,,,glyceraldehyde 3 phosphate dehydrogenase,,,,glyceraldehyde 3 phosphate dehydrogenase,0.0
NP_001233603.1,beta-2-microglobulin precursor [Cricetulus griseus],53.39187365000927,1.9281057463829316,1.7179809431188209,0.0,5.392687287359506,680.9425895200802,0.0,0.3117090853752591,0.3703898721732833,beta 2 microglobulin precursor,,,,,,beta 2 microglobulin,,,,0.0
NP_001233622.2,protein disulfide-isomerase precursor [Cricetulus griseus],23.940724269575604,55.55166096523611,33.88799796769977,26.85318470621739,38.358486703031225,46.44454101064584,1.5288429704928403,90.50291387605432,23.86279431078381,protein disulfide isomerase precursor,protein disulfide isomerase,protein disulfide isomerase,,,,,,protein disulfide isomeras,,0.0
NP_001233649.1,heat shock protein 105 kDa [Cricetulus griseus],3.865706388665181,89.8566951616435,65.25039886053932,0.0,0.3037427810358494,0.0,0.0,27.58736452742159,0.0,heat shock protein 105 kda,,,heat shock protein,,,,,,,0.0
NP_001233654.1,phosphoglycerate kinase 1 [Cricetulus griseus],261.6481987336014,628.1995422313681,217.70782005610968,26.030454768916982,577.4872890046248,169.33629330419677,6.83943648008162,451.7426515654347,95.70028566183156,phosphoglycerate kinase 1,phosphoglycerate kinase,,,phosphoglycerate kinase 1,,phosphoglycerate kinase 1,,,,0.0
NP_001233658.1,heat shock cognate 71 kDa protein [Cricetulus griseus],431.99517505853294,325.3623877811936,464.4196597446591,309.83423498022285,152.45076233771127,165.58206401443522,2.7575472803584766,342.81157602508483,41.579729354608624,heat shock cognate 71 kda protein,heat shock cognate 71 kda protein,,,heat shock cognate 71 kda protein,,,,,heat shock cognate 71 kda protein,0.0
NP_001233662.1,T-complex protein 1 subunit alpha [Cricetulus griseus],10.838725129718092,371.32344923214725,145.97059946283335,0.3260736015565027,0.0,6.565259677701166,2.551284707150827,242.21160595215653,53.71020114191179,t complex protein 1 subunit alpha,,,,,,,,,t complex protein 1 subunit alpha,0.0
NP_001233668.1,endoplasmic reticulum chaperone BiP precursor [Cricetulus griseus],2401.465878493507,2147.787746452213,3687.795734634972,2148.8727478743585,376.095200422169,416.8683318433738,49.25754917226176,2411.9793619743327,329.2784692803261,endoplasmic reticulum chaperone bip precursor,,,,,,endoplasmic reticulum chaperone bip,,,,0.0
NP_001233673.1,glutathione S-transferase P 1 [Cricetulus griseus],96.06746307227309,55.625817554152334,15.496634278143308,10.21645757789217,389.2785969917729,190.69485439153135,0.7021331074086411,45.42577890854424,10.158489278980753,glutathione s transferase p 1,glutathione s transferase p 1,glutathione s transferase,,glutathione s transferase p,,glutathione s transferase p,,,glutathione s transferase p 1,0.0
NP_001233680.1,aldose reductase-related protein 2 [Cricetulus griseus],8.030623673683015,169.2959519723207,54.35588045047254,0.9649840792169352,132.48764126009186,159.52043759478488,1.2893202951186429,78.99884072584793,17.62755009648171,aldose reductase related protein 2,,,,aldose reductase related protein 2,,,,,,0.0
NP_001233689.1,serpin H1 precursor [Cricetulus griseus],16.158532912914456,43.85283871691634,27.5006457498229,3.520910004174939,11.526604794987316,3.73280955933091,0.0,3.3273171984483776,0.7209168751494381,serpin h1 precursor,,,,,,,,,serpin h1,0.0
NP_001233694.1,peroxiredoxin-1 [Cricetulus griseus],565.7853104353688,1431.8337114882777,856.4424091830208,310.79257570003443,432.09387423423874,1042.0939889099752,33.17166688779146,1211.5693625697854,590.9151441926198,peroxiredoxin 1,peroxiredoxin 1,peroxiredoxin,,peroxiredoxin 1,,peroxiredoxin 1,peroxiredoxin 1,peroxiredoxin 1,peroxiredoxin 1,0.0
NP_001233703.1,protein disulfide-isomerase A3 precursor [Cricetulus griseus],328.8805162941255,63.1458360997903,29.57644751939693,363.00452794439616,413.0951194642664,423.0254835019014,0.0997736134905744,39.444729937849694,8.766797344555927,protein disulfide isomerase a3 precursor,protein disulfide isomerase,protein disulfide isomerase,,,,,,protein disulfide isomeras,,0.0
NP_001233709.1,peroxiredoxin-2 [Cricetulus griseus],27.515647241102283,190.6437539223177,47.16306777379961,8.746515419972543,62.83849826989223,62.89371834904324,1.6100751399422055,108.44265439444044,22.826126037810308,peroxiredoxin 2,,peroxiredoxin,,,,,,,,0.0
NP_001233750.1,heat shock protein HSP 90-alpha [Cricetulus griseus],5.807053416976636,355.8874852931402,97.97883088795597,5.551652002287996,6.650422881027067,0.0,3.765314438019849,310.695631858054,42.73494383462962,heat shock protein hsp 90 alpha,heat shock protein hsp 90 alpha,,heat shock protein,,,,,,,0.0
XP_027242349.1,galectin-3 [Cricetulus griseus],10.036326468929175,2.145734907310096,4.201491401100969,0.6585973863651915,16.814130447943715,568.7013664846157,0.0,13.59299213887646,0.0,galectin 3,,,,,,galectin,,,galectin 3,0.0
XP_027242786.1,dihydropteridine reductase [Cricetulus griseus],6.094301088350566,3.995759199894638,0.0,2.3032392044692345,14.528252262002598,4.89822849056754,0.0,3.4650547430661245,0.0,dihydropteridine reductase,,,,,,dihydropteridine reductase,,,,0.0
XP_027243210.1,heat shock protein HSP 90-beta isoform X11 [Cricetulus griseus],49.89369025770962,1093.7844651357136,368.31881557396486,30.41209345518324,35.08177698372698,22.28532060429992,5.268437426170381,842.0158653142258,84.07947046074709,heat shock protein hsp 90 beta isoform x11,heat shock protein hsp 90 beta,,heat shock protein,,,,,,,0.0
XP_027243827.1,T-complex protein 1 subunit delta [Cricetulus griseus],14.261876808032364,306.010201092178,169.35679244192116,0.2877405108025898,2.817075929750844,18.180000761667937,1.2408502207227634,207.15734503257244,90.27121228872404,t complex protein 1 subunit delta,,,,,,,,,t complex protein 1 subunit delta,0.0
XP_027243857.1,"malate dehydrogenase, cytoplasmic [Cricetulus griseus]",98.25946370209644,77.5079335510266,18.092361475514696,72.47466348851242,35.62229039106025,84.6900367975599,0.0,42.151446193772834,13.900688796613313,malate dehydrogenase cytoplasmic,malate dehydrogenase cytoplasmic,,,,,,,,,0.0
XP_027243958.1,peptidyl-prolyl cis-trans isomerase A isoform X2 [Cricetulus griseus],326.7642255058296,46.82167248772895,22.03617911277239,0.1861313083008966,200.3623087138874,5836.601135395894,0.5100404025731775,46.13331026149087,14.07406961203496,peptidyl prolyl cis trans isomerase a isoform x2,peptidyl prolyl cis trans isomerase a,peptidyl prolyl cis trans isomerase a,,peptidyl prolyl cis trans isomerase,,peptidyl prolyl cis trans isomerase,,,peptidyl prolyl cis trans isomerase a,0.0
XP_027244002.1,drebrin-like protein isoform X2 [Cricetulus griseus],0.5423395351909275,0.0,0.0,0.1133230328071804,0.4558486077206028,0.0,0.0,0.0,0.0,drebrin like protein isoform x2,,,,,,drebrin,,,,0.0
XP_027244682.1,lipoprotein lipase isoform X2 [Cricetulus griseus],643.2190715362875,3670.942389310324,1280.0834493806424,8.643902510776908,28.1539913085282,394.0660370158646,68.82144225799561,3440.695203265226,690.7514885900625,lipoprotein lipase isoform x2,lipoprotein lipase,lipoprotein lipase,lipoprotein lipase,,lipoprotein lipase,lipoprotein lipase,,,,0.0
XP_027245386.1,transketolase [Cricetulus griseus],167.13769215176404,660.104401872055,238.38528819354525,62.03403778270239,38.10120030499725,39.277832977477736,2.013058630509318,128.0445734785874,34.123097898341506,transketolase,transketolase,,,,,,,,,0.0
XP_027246103.1,clusterin [Cricetulus griseus],1116.3433581207305,19098.73979279833,12198.069923852998,335.4307319657833,249.3862245866788,602.9730533293633,498.9593099781297,16375.565451037246,5966.987435061939,clusterin,clusterin,clusterin,clusterin,clusterin,clusterin,clusterin,,clusterin,clusterin,0.8213710354066889
XP_027246161.1,cathepsin B [Cricetulus griseus],9.340414437335877,65.1470089225886,56.478288566950646,5.354989110515891,0.9194017746105356,197.14072840839148,0.0,49.41321163863821,14.86395361741362,cathepsin b,cathepsin b,cathepsin b,,,cathepsin b,cathepsin b,,,cathepsin b,0.0
XP_027246972.1,acid ceramidase isoform X2 [Cricetulus griseus],27.122191069536665,60.45271197725143,37.2195888225944,17.802631439262502,12.995919673266824,96.14149127027548,0.1660681547291397,39.83281806459599,8.463396221524668,acid ceramidase isoform x2,,,,,,acid ceramidase,,,,0.0
XP_027247784.1,annexin A5 [Cricetulus griseus],94.3270109422291,0.6904266913112264,0.0,30.05517356044368,34.69041294904523,187.33907167053863,0.0,0.0,7.482964655764188,annexin a5,annexin a5,annexin a5,,,,,,,,0.0
XP_027247806.1,actin-like protein 6A isoform X1 [Cricetulus griseus],11.74734258721055,13.330987796096876,5.8602908976993,0.0,0.0,0.0,0.0267525503992302,15.543932118607907,0.4125072673179869,actin like protein 6a isoform x1,,,actin,,actin,,,,,0.0
XP_027247933.1,matrix metalloproteinase-19 [Cricetulus griseus],200.4587374975567,47.43447692906805,22.09977952340955,3.8649304503678814,257.35356836475626,1529.6018719475242,0.0,31.69962722386864,7.353670413525398,matrix metalloproteinase 19,matrix metalloproteinase 19,matrix metalloproteinase,,,,,,,matrix metalloproteinase 19,0.0
XP_027248102.1,N-acetylglucosamine-6-sulfatase isoform X2 [Cricetulus griseus],39.56236246083378,9.725472566058496,4.401129012674335,24.80663847481332,10.679929492358704,7.460093900434306,0.0,0.0,0.0,n acetylglucosamine 6 sulfatase isoform x2,,,,,n acetylglucosamine 6 sulfatase,,,,,0.0
XP_027248125.1,cullin-associated NEDD8-dissociated protein 1 isoform X2 [Cricetulus griseus],12.077565229129965,261.8046669780683,67.76232465927498,0.0,2.315589320354061,0.0,3.0253934818507258,166.38429489560963,32.999331879744545,cullin associated nedd8 dissociated protein 1 isoform x2,,,,,,,,,cullin associated nedd8 dissociated protein 1,0.0
XP_027248157.1,T-complex protein 1 subunit beta [Cricetulus griseus],9.7128038054535,183.1086952483983,43.89791298047915,0.0,5.812428583182176,0.0,2.063010043958287,133.84033468689177,26.002891939472438,t complex protein 1 subunit beta,,,,,,,,,t complex protein 1 subunit beta,0.0
XP_027248343.1,endoplasmin [Cricetulus griseus],172.36000881539007,856.4654988784405,357.676487487794,88.36603320538094,102.33544187224436,69.4419957408428,4.761163970974249,397.36653267455546,49.26350304587541,endoplasmin,endoplasmin,,,,,,endoplasmin,,,0.0
XP_027248597.1,glutathione S-transferase alpha-3 [Cricetulus griseus],6.502088362405447,0.0,0.0,0.0,39.11104719464508,13.857769762011788,0.0,0.0,0.0,glutathione s transferase alpha 3,,glutathione s transferase,,,,glutathione s transferase,,,,0.0
XP_027248705.1,peptidyl-prolyl cis-trans isomerase D isoform X2 [Cricetulus griseus],1.033053702248566,6.914189962377597,2.459542604981847,0.0,1.866488129383516,0.0,0.0,2.6473525181002677,0.0,peptidyl prolyl cis trans isomerase d isoform x2,,,,peptidyl prolyl cis trans isomerase,,peptidyl prolyl cis trans isomerase,,,,0.0
XP_027248903.1,T-complex protein 1 subunit gamma [Cricetulus griseus],12.815575075518831,475.8285251177719,123.01510425153656,0.5284912011202008,0.6039472009259181,2.261245616755724,2.166161381612254,259.93444297595244,23.194009460255867,t complex protein 1 subunit gamma,,,,,,,,,t complex protein 1 subunit gamma,0.0
XP_027249021.1,glucosylceramidase [Cricetulus griseus],16.52401891911427,504.78152877427897,192.0807802779968,2.920650626191305,7.887100737127457,24.26122491453402,2.676354581971364,364.3985655978776,58.339025879750295,glucosylceramidase,,,,,,glucosylceramidase,,,,0.0
XP_027249161.1,LOW QUALITY PROTEIN: protein S100-A13 [Cricetulus griseus],16.349992943639545,0.0,0.0,2.106083458918393,14.1592959750386,40.80691575269774,0.0,0.0,0.0,low quality protein: protein s100 a13,,protein s100,,,,,,,,0.0
XP_027249169.1,protein S100-A6 isoform X1 [Cricetulus griseus],26.32699439811524,216.05849382017888,37.95809776858866,16.205169589224873,29.11003706503959,648.8472992323686,1.696523839862198,53.75960407533295,17.561448336842304,protein s100 a6 isoform x1,protein s100 a6,protein s100,,,,protein s100 a6,,,protein s100 a6,0.0
XP_027249183.1,protein S100-A4 [Cricetulus griseus],2.2122269758619435,6.549735389808962,1.349665982002629,0.397544720824003,7.232910032352693,0.0,0.0,2.116434957038216,0.0,protein s100 a4,,protein s100,,,,,,,,0.0
XP_027249189.1,cornifin alpha [Cricetulus griseus],1.7357230421982657,0.1794970829893942,0.0902527929945265,0.3126675970135973,2.2557480688683955,13.95754463622154,0.0,0.0,0.0,cornifin alpha,,,,,,cornifin a,,,,0.0
XP_027249196.1,protein S100-A11 [Cricetulus griseus],10.090652286406325,4.136111930321437,3.490435689018525,2.736900138906164,9.66565075021143,27.6323897944652,0.0,1.5211989631216436,0.0,protein s100 a11,,protein s100,,,,protein s100 a11,,,,0.0
XP_027249274.1,semaphorin-3C isoform X2 [Cricetulus griseus],72.8832685537004,200.44855501455805,76.9292317336502,74.9570525308514,239.68428937424036,261.9975576660162,0.0,181.74205189330863,28.215262972559614,semaphorin 3c isoform x2,,,,,semaphorin 3c,,,,,0.0
XP_027250026.1,glutathione S-transferase theta-2 [Cricetulus griseus],0.8975279086829075,0.0,0.0,0.0,9.03024906050828,5.044856879427217,0.0,0.0,0.0,glutathione s transferase theta 2,,glutathione s transferase,,,,glutathione s transferase,,,,0.0
XP_027250075.1,collagen alpha-1(VI) chain [Cricetulus griseus],26.250047909054157,116.30940766058949,572.2351633025286,14.597073780527795,6.348648632163131,16.989436198894143,0.0,14.45427986827106,4.396938750723434,collagen alpha 1(vi) chain,,,,,,collagen alpha ,,,,0.0
XP_027250157.1,cystatin-B [Cricetulus griseus],0.2126384937915171,0.0,0.0,0.0,0.4780255977524043,204.06441038001384,0.0,0.0,0.0,cystatin b,,,,,,cystatin,,,,0.0
XP_027250245.1,peptidyl-prolyl cis-trans isomerase-like 1 isoform X2 [Cricetulus griseus],1.3253571176561698,0.8945105492846928,1.270084003975238,0.0,4.905733826754182,12.977816645461274,0.0,1.2939774867456528,0.5465886645788659,peptidyl prolyl cis trans isomerase like 1 isoform x2,,,,peptidyl prolyl cis trans isomerase,,peptidyl prolyl cis trans isomerase,,,,0.0
XP_027250508.1,ubiquitin-60S ribosomal protein L40 isoform X1 [Cricetulus griseus],3.2291041716080797,0.0,4.159526071695296,0.0,0.8214781155976766,969.3973576168444,0.0,0.0,0.0,ubiquitin 60s ribosomal protein l40 isoform x1,,,,,,ubiquitin,,ubiquitin,,0.0
XP_027251264.1,glutathione S-transferase Mu 3 [Cricetulus griseus],25.01626805358875,102.49217331686684,64.30607257501369,8.717542951212923,313.3493135734321,379.12583833007017,1.193613044849707,82.47420221304195,15.468581750900595,glutathione s transferase mu 3,,glutathione s transferase,,,,glutathione s transferase,,,,0.0
XP_027251265.1,glutathione S-transferase Mu 6 [Cricetulus griseus],24.6894441904111,61.75104158528519,5.684825947941016,4.0271450664778845,310.9710105574024,116.65760937140716,0.0819747297560931,16.503763038164006,0.95842279698699,glutathione s transferase mu 6,,glutathione s transferase,,,,glutathione s transferase mu 6,,,,0.0
XP_027251267.1,glutathione S-transferase Mu 7 isoform X1 [Cricetulus griseus],18.26178428506764,1.841872145931844,0.5653967386959899,4.582121137866795,49.42716500653179,38.06017145546157,0.0,0.5244489359641165,0.0,glutathione s transferase mu 7 isoform x1,,glutathione s transferase,,,,glutathione s transferase,,,,0.0
XP_027251270.1,glutathione S-transferase isoform X1 [Cricetulus griseus],0.7285787574898723,0.0,0.0,0.0,7.374381046607997,0.0,0.0,0.0,0.0,glutathione s transferase isoform x1,,glutathione s transferase,,,,glutathione s transferase,,,,0.0
XP_027251272.1,glutathione S-transferase Mu 1 isoform X2 [Cricetulus griseus],20.207475566559665,14.96433070952808,4.109581623897723,3.33121544123146,15.767591547300068,22.5094698223128,0.0,5.420990002649662,0.876333029086038,glutathione s transferase mu 1 isoform x2,,glutathione s transferase,,,,glutathione s transferase,,,,0.0
XP_027251276.1,glutathione S-transferase Y1 isoform X2 [Cricetulus griseus],164.78589517733363,38.28552267805552,4.046230247217686,15.0462275734176,294.7522705673749,238.1496386589762,0.0,2.174988895093013,0.0,glutathione s transferase y1 isoform x2,,glutathione s transferase,,,,glutathione s transferase,,,,0.0
XP_027251707.1,protein CYR61 isoform X2 [Cricetulus griseus],2.1694118605879606,0.0,0.0,1.324718664637428,1.9899744687761445,51.54262270405744,0.0,0.0,0.0,protein cyr61 isoform x2,,,,,,protein cyr61,,,,0.0
XP_027251723.1,di-N-acetylchitobiase isoform X2 [Cricetulus griseus],0.8794110034543293,0.0,0.0,0.708775757972095,0.9352259070707338,0.0,0.0,0.0,0.0,di n acetylchitobiase isoform x2,,,,,di n acetylchitobiase,,,,,0.0
XP_027252619.1,collagen alpha-1(III) chain isoform X3 [Cricetulus griseus],196.95476201893564,234.6628252597632,178.42676157216138,594.2184439091498,155.63211823746155,625.1673941181169,0.0,0.0,0.0,collagen alpha 1(iii) chain isoform x3,,,,,,collagen alpha ,,,,0.0
XP_027252620.1,collagen alpha-2(V) chain isoform X2 [Cricetulus griseus],62.91534634365963,351.244235090711,158.82773793733418,40.20560613041324,61.100943743551134,26.73248384004816,0.0,0.0,0.0,collagen alpha 2(v) chain isoform x2,,,,,,collagen alpha ,,,,0.0
XP_027252702.1,"60 kDa heat shock protein, mitochondrial [Cricetulus griseus]",5.135486127422065,50.94995548577159,17.400602442193247,0.2249400955315412,4.213087952627362,0.0,0.0,20.63483127513577,1.9460613366975408,60 kda heat shock protein mitochondrial,,,heat shock protein,,,,,,,0.0
XP_027253096.1,aspartyl aminopeptidase isoform X1 [Cricetulus griseus],5.291338882793258,151.1636717459109,80.53598191367205,0.0,0.0,0.0,0.0,5.288710977080349,0.0,aspartyl aminopeptidase isoform x1,,,,,,,,,aspartyl aminopeptidase,0.0
XP_027253469.1,septin-2 isoform X1 [Cricetulus griseus],9.108692679291172,173.2233738463586,74.00554370342593,2.510204270731428,7.4323421293726195,2.673858857226502,0.0,11.290093182943208,1.1205683765467365,septin 2 isoform x1,,,,,,,,,septin 2,0.0
XP_027253977.1,"procollagen-lysine,2-oxoglutarate 5-dioxygenase 1 isoform X3 [Cricetulus griseus]",57.78514241465112,264.79477335779,172.9784521016866,97.95545555685668,38.894228653913245,176.89872475792467,1.4547396628213056,81.19001276437001,15.647315280238084,procollagen lysine2 oxoglutarate 5 dioxygenase 1 isoform x3,,,,,procollagen lysine2 oxoglutarate 5 dioxygenase 1,,,,,0.0
XP_027254079.1,calsyntenin-1 isoform X4 [Cricetulus griseus],93.76248118622784,118.48852849628052,215.0454128761421,57.576928283523614,31.27434249629712,26.746581239557983,0.6291459530141394,107.76489343466584,49.33356140849332,calsyntenin 1 isoform x4,,,,,calsyntenin 1,,,,,0.0
XP_027254100.1,alpha-enolase isoform X2 [Cricetulus griseus],400.75661654273983,520.3416457375373,145.35427140140615,49.77795703303275,1865.3427128702904,342.40697346732554,5.328741448250506,287.6460365460736,81.09464397041637,alpha enolase isoform x2,alpha enolase,alpha enolase,alpha enolase,,,,,,alpha enolase,0.0
XP_027254565.1,"fatty acid-binding protein, adipocyte [Cricetulus griseus]",390.163171469755,11.533018912818106,0.406948522338182,0.1030556234441598,633.7517642192432,5136.9119082733,0.0,0.0,0.0,fatty acid binding protein adipocyte,,,,,,fatty acid binding protein adipocyte,,,,0.0
XP_027254719.1,40S ribosomal protein S20 isoform X2 [Cricetulus griseus],1.60654924468098,7.405802310880703,2.1907798138327808,0.0,0.0,9.667690705835543,0.050169696974517,5.91840866179745,1.2131401942274724,40s ribosomal protein s20 isoform x2,,,,,,40s ribosomal protein s20,,,40s ribosomal protein s20,0.0
XP_027254911.1,peptidyl-prolyl cis-trans isomerase H isoform X1 [Cricetulus griseus],0.8148703692256569,12.083692379532836,4.664136468535247,0.0485853219482511,4.854802373245113,1.8388538968922452,0.1356780639969645,13.957913261829392,5.183321620235978,peptidyl prolyl cis trans isomerase h isoform x1,,,,peptidyl prolyl cis trans isomerase,,peptidyl prolyl cis trans isomerase,,,,0.0
XP_027255222.1,collagen alpha-1(XVI) chain isoform X5 [Cricetulus griseus],21.97755786900923,544.0761576108625,115.25039058622816,1.8461495352326995,73.68900797795139,61.72244681122204,0.0,19.56149548121937,5.419522616866043,collagen alpha 1(xvi) chain isoform x5,,,,,,collagen alpha ,,,,0.0
XP_027255228.1,tubulointerstitial nephritis antigen-like [Cricetulus griseus],38.086946703014696,193.5233126012454,160.76361919472876,11.69214434956666,47.791029082380014,250.638770535454,4.250608504196062,147.41421701001397,31.639170651846204,tubulointerstitial nephritis antigen like,,,,,tubulointerstitial nephritis antigen like,,,,,0.0
XP_027255508.1,tissue alpha-L-fucosidase [Cricetulus griseus],117.99677373794732,600.008285353947,1213.6246645269828,21.43114834549537,14.410046644864693,33.26883045938906,0.9874837059823184,188.01135532661303,30.3968556368409,tissue alpha l fucosidase,,,,,tissue alpha l fucosidase,,,,,0.0
XP_027255561.1,basement membrane-specific heparan sulfate proteoglycan core protein isoform X2 [Cricetulus griseus],1120.9481261832263,903.2496960950812,578.8474825943966,49.3935616629967,3067.880737222883,18536.44953516807,0.0,44.317507781582144,16.895824547311395,basement membrane specific heparan sulfate proteoglycan core protein isoform x2,,,,,basement membrane specific heparan sulfate proteoglycan core protein,,,,,0.0
XP_027256703.1,peptidyl-prolyl cis-trans isomerase C isoform X2 [Cricetulus griseus],2.832345337608781,0.2103338124716627,0.0863397608253459,0.0,1.619556063381189,195.65800947513503,0.0,0.2922137658448114,0.0,peptidyl prolyl cis trans isomerase c isoform x2,,,,peptidyl prolyl cis trans isomerase,,peptidyl prolyl cis trans isomerase,,,,0.0
XP_027256943.1,ribonuclease T2 isoform X1 [Cricetulus griseus],39.89356790976499,22.785281406225938,5.318958363295863,29.68240882296288,213.0210103140782,114.41593472233788,0.3103953408728603,21.24974709488955,3.96998805594928,ribonuclease t2 isoform x1,,,,,ribonuclease t2,,,,,0.0
XP_027258725.1,40S ribosomal protein S12 isoform X2 [Cricetulus griseus],5.540356367725583,24.456075492338712,14.146139640320714,0.111966870506253,3.4269723536520504,15.74039288808685,0.0310929051114533,18.752400792367563,4.212804639037827,40s ribosomal protein s12 isoform x2,,,,,,40s ribosomal protein s12,,,,0.0
XP_027259772.1,galectin-1 [Cricetulus griseus],83.01841136098086,122.21866951818932,47.54956186545675,4.9826608759990005,197.78794543137985,1082.7515150552958,1.939801626936436,70.43449038692276,29.48891000889119,galectin 1,galectin 1,,,,,galectin 1,,,,0.0
XP_027259923.1,alpha-N-acetylgalactosaminidase [Cricetulus griseus],11.938156777422552,35.61948664914752,25.87527237269313,13.301751819491386,74.86169710735061,9.027890449686923,0.1482089571823759,23.608711154566745,4.13351395116072,alpha n acetylgalactosaminidase,,,,,alpha n acetylgalactosaminidase,,,,,0.0
XP_027259953.1,plectin isoform X6 [Cricetulus griseus],280.0347204319815,2107.226281677207,2569.024376569669,108.43695257088577,115.08844582631151,35.808859495926136,8.173138524940967,448.7622143576046,71.25161673271137,plectin isoform x6,,,,,,,plectin,,,0.0
XP_027260201.1,serine protease HTRA1 isoform X3 [Cricetulus griseus],158.66920563940153,4055.905571715434,1213.9538130556607,23.89349203735475,298.24862568552953,563.050326931017,116.10766766850335,2085.766382374872,574.0907941696403,serine protease htra1 isoform x3,serine protease,serine protease,,serine protease htra1,,serine protease htra1,,,serine protease htra1,0.3559771875519892
XP_027260430.1,fructose-bisphosphate aldolase A isoform X2 [Cricetulus griseus],130.6533074075765,28.57979094729542,22.531516549330888,99.31405872429912,14.37505214297126,15.79947420886159,0.0,5.399544113515319,1.8080310317763957,fructose bisphosphate aldolase a isoform x2,fructose bisphosphate aldolase,,,,,,,,,0.0
XP_027260936.1,inter-alpha-trypsin inhibitor heavy chain H5 isoform X2 [Cricetulus griseus],470.4125087818682,110.13181117988164,79.69757031243421,559.9447194866542,117.38895318769936,893.6016390973197,1.024366551231496,60.89278510982049,31.69013460749083,inter alpha trypsin inhibitor heavy chain h5 isoform x2,inter alpha trypsin inhibitor heavy chain h5 isoform x2,,,,inter alpha trypsin inhibitor heavy chain h5,inter alpha trypsin inhibitor heavy chain h5,,,,0.0
XP_027261047.1,vimentin [Cricetulus griseus],67.9903812620607,54.81425611277926,54.39874448281949,81.09699994350399,20.544483263871776,43.48607416577564,0.7387033310411232,41.38906289129664,5.286310511705793,vimentin,vimentin,,vimentin,,,,,,vimentin,0.0
XP_027261702.1,group XV phospholipase A2 isoform X2 [Cricetulus griseus],13.531393159175428,18.756358364543694,7.131664465150863,6.401193390239815,5.043213418763899,0.0,0.0,9.078619472058252,1.1684508952508197,group xv phospholipase a2 isoform x2,,,,,,lipase,,,,0.0
XP_027262178.1,lysosomal acid lipase/cholesteryl ester hydrolase [Cricetulus griseus],56.065764715821466,1315.9529158375624,251.50850870523573,3.634137258539032,20.831972296304336,76.28871016083728,6.312559478570683,565.3781422185696,73.68394163336896,lysosomal acid lipase/cholesteryl ester hydrolase,lysosomal acid lipase,lysosomal acid lipase,,,,lipase,,lysosomal acid lipase,,0.0
XP_027262348.1,annexin A1 [Cricetulus griseus],174.9312659156173,12.802280340813663,7.095254001562578,21.80485986888758,495.4027785984467,276.6482125901002,0.0,4.087649713006965,0.6901982042125667,annexin a1,,,,,,annexin a1,,,,0.0
XP_027262854.1,glutathione S-transferase omega-1 isoform X4 [Cricetulus griseus],21.995965563208195,0.0,0.0,2.891210403885828,46.41235594375374,8.188347808325789,0.0,0.0,0.0,glutathione s transferase omega 1 isoform x4,,glutathione s transferase,,,,glutathione s transferase,,,,0.0
XP_027263120.1,phosphoglycerate mutase 1 isoform X2 [Cricetulus griseus],186.50854798370565,67.62249402002355,20.28643356021113,73.89872976337031,282.5319952223716,7030.689945704919,0.0,19.54407595264178,3.64099128822114,phosphoglycerate mutase 1 isoform x2,phosphoglycerate mutase 1,,,,,,,,phosphoglycerate mutase 1,0.0
XP_027263463.1,lysosomal Pro-X carboxypeptidase isoform X2 [Cricetulus griseus],94.17169938897491,1.742939217779255,22.246222148360733,48.18473945777104,1.810655408226422,0.0,0.0,1.0752169828561455,0.3536404116369403,lysosomal pro x carboxypeptidase isoform x2,,,,,,carboxypeptidase,,,,0.0
XP_027264119.1,neuroblast differentiation-associated protein AHNAK isoform X23 [Cricetulus griseus],180.0274345852968,109.2213855921206,56.23438506847707,3.230061637920502,85.61590523730972,302.847627315327,0.0,34.902771092100984,1.2775850067746892,neuroblast differentiation associated protein ahnak isoform x23,,,,,,,neuroblast differentiation associated protein ahnak isoform x2,,,0.0
XP_027264236.1,peptidyl-prolyl cis-trans isomerase FKBP2 isoform X1 [Cricetulus griseus],2.2271102524963293,0.0,0.0,0.0,5.518070714641676,100.18228148390511,0.0,0.0,0.0,peptidyl prolyl cis trans isomerase fkbp2 isoform x1,,,,peptidyl prolyl cis trans isomerase,,peptidyl prolyl cis trans isomerase,,,,0.0
XP_027264258.1,"peroxiredoxin-5, mitochondrial [Cricetulus griseus]",1.768553734929836,4.199274266180377,0.5282622571753625,0.0,2.5748435893057544,5.843816546244137,0.0,0.8262270166608414,0.0,peroxiredoxin 5 mitochondrial,,peroxiredoxin,,,,,,,,0.0
XP_027264402.1,cofilin-1 [Cricetulus griseus],65.69991010952005,128.226431430242,50.14970021533506,6.508040032860511,33.099123820859624,72.66968645137034,0.4098257393436808,20.00169983267679,8.0593274251027,cofilin 1,cofilin 1,,,,,cofilin 1,,,cofilin 1,0.0
XP_027264462.1,copper chaperone for superoxide dismutase [Cricetulus griseus],6.634802349967979,22.673576979367454,8.494836606165347,0.4305954267143686,37.14515259073996,6.819033687306621,0.0,11.18099233910626,6.870580673531944,copper chaperone for superoxide dismutase,,,,,,copper chaperone for superoxide dismutase,,,,0.0
XP_027264538.1,glutathione S-transferase P 2 isoform X2 [Cricetulus griseus],27.802815390826957,0.0,0.0,0.0,98.76750336664006,121.84710365220624,0.0,12.840332685326974,0.0,glutathione s transferase p 2 isoform x2,,glutathione s transferase,,glutathione s transferase p,,glutathione s transferase p,,,,0.0
XP_027264700.1,cathepsin D [Cricetulus griseus],41.96628758696479,22.304378468071278,23.39612578572845,24.781504032197603,58.594143144241045,1505.7460049554031,0.0,17.665170316875393,1.497160847304532,cathepsin d,cathepsin d,cathepsin d,cathepsin d,,cathepsin d,cathepsin d,,,,0.0
XP_027264737.1,60S acidic ribosomal protein P2 isoform X1 [Cricetulus griseus],11.759246698732614,15.108186538997296,3.8774870043164102,0.0363311693525866,5.898815024362341,11.133534385751483,0.0,6.048666797379993,0.0865035758256769,60s acidic ribosomal protein p2 isoform x1,,,,,,,,,60s acidic ribosomal protein p2,0.0
XP_027264803.1,ribonuclease inhibitor isoform X2 [Cricetulus griseus],21.95666916945161,175.82103390932704,35.86565992451294,2.132062154345027,0.0,55.48529986176815,0.3669221699434854,23.866344179849765,10.04201733357646,ribonuclease inhibitor isoform x2,,,,,,ribonuclease inhibitor,,,,0.0
XP_027265003.1,insulin [Cricetulus griseus],0.2890860472365739,13.017122769011715,6.406034381278362,0.1004245868130919,0.0884093766663467,0.0,0.3172690749696466,14.099135756084348,4.339594812705881,insulin,,,insulin,,,,,,,0.0
XP_027265076.1,serpin B6 isoform X1 [Cricetulus griseus],2.639189222756079,57.27918337101402,26.003760482658866,0.2179325413665442,1.0175880728172155,0.0,0.2904173001307801,16.474609428743914,13.872739888662666,serpin b6 isoform x1,,,,,,serpin b6,,,,0.0
XP_027265239.1,nidogen-1 isoform X3 [Cricetulus griseus],39.69971452168549,215.33332272866463,83.64768855218104,38.76802618143736,371.6388575583104,139.5001129271929,1.8464781853083667,210.34388146309288,50.29028965332486,nidogen 1 isoform x3,nidogen 1,,nidogen 1,,nidogen 1,,,,nidogen 1,0.0
XP_027265420.1,cathepsin L1 [Cricetulus griseus],139.18504781745267,18.60936409757842,6.929274797889208,55.14481809365064,325.4898128780049,182.03898906252485,0.0,9.152193812769609,2.456602694547721,cathepsin l1,cathepsin l,cathepsin l,,,,cathepsin l1,,,,0.0
XP_027265895.1,dickkopf-related protein 3 isoform X1 [Cricetulus griseus],59.280547636273,9.85748355759952,16.669812192568706,15.968223055020845,11.813356542608274,114.36521480602276,0.0,2.585806465507592,0.0,dickkopf related protein 3 isoform x1,,,,,dickkopf related protein 3,,,,,0.0
XP_027265953.1,nucleobindin-2 isoform X2 [Cricetulus griseus],776.4039006997015,92.33216510023716,190.02869867136585,209.74185827630845,978.3051680355404,1171.3216256523942,0.6810814231577734,12.356571380566187,5.800011418907473,nucleobindin 2 isoform x2,nucleobindin 2,,,,nucleobindin 2,,,,,0.0
XP_027266732.1,procollagen C-endopeptidase enhancer 2 isoform X2 [Cricetulus griseus],0.5671654482377257,10.02284685116473,3.208315445497742,0.5494481194275123,3.306053575650697,4.889539300391062,0.5045060873172605,22.75267444003279,6.679889958097713,procollagen c endopeptidase enhancer 2 isoform x2,procollagen c endopeptidase enhancer,,,,,,,,,0.0
XP_027266875.1,collagen alpha-1(XII) chain isoform X4 [Cricetulus griseus],46.828717913737584,1076.57732472083,922.0700609602752,13.571279033492276,4.384220497648566,0.0,0.0,76.54952239673669,0.4209776087900122,collagen alpha 1(xii) chain isoform x4,,,,,,collagen alpha ,,,,0.0
XP_027266901.1,glutathione S-transferase A4 [Cricetulus griseus],8.757818854462368,0.0,0.0,2.829171905341929,16.231819382901694,127.415015008211,0.0,0.6544953383065109,0.0,glutathione s transferase a4,,glutathione s transferase,,,,glutathione s transferase,,,,0.0
XP_027267055.1,annexin A2 isoform X2 [Cricetulus griseus],36.64784972747857,2.715668806205567,0.7220087049353718,2.129085452638147,71.24117038668814,134.28618640672116,0.0,0.4548492765986891,0.0,annexin a2 isoform x2,annexin a2,,,,,annexin a2,,,annexin a2,0.0
XP_027267107.1,peptidyl-prolyl cis-trans isomerase B [Cricetulus griseus],141.58475896192863,18.210596327850062,4.199185567537586,0.0,144.20561131659016,5945.501882544812,0.0,12.434072264376535,0.7606375086966377,peptidyl prolyl cis trans isomerase b,,,,peptidyl prolyl cis trans isomerase,,peptidyl prolyl cis trans isomerase,,,,0.0
XP_027267545.1,amyloid-like protein 2 isoform X5 [Cricetulus griseus],5.977458990632442,15.337830670012224,0.0,0.0,15.033604881045529,54.365551131504745,0.0,13.947516126763077,0.0,amyloid like protein 2 isoform x5,,,,,amyloid like protein 2,,,,,0.0
XP_027267631.1,sialate O-acetylesterase isoform X2 [Cricetulus griseus],2.5119128706366123,0.0,0.0,1.492425227901767,0.5821386682422974,27.09042369058558,0.0,0.0,0.0,sialate o acetylesterase isoform x2,sialate o acetylesterase,sialate o acetylesterase,,,,,,,,0.0
XP_027268152.1,T-complex protein 1 subunit theta isoform X2 [Cricetulus griseus],27.27825569343862,520.6325792626254,207.53274672509272,2.7588338703623165,3.7177250829771418,0.0,4.489032201839006,356.8979310210632,81.2194023553323,t complex protein 1 subunit theta isoform x2,,,,,,,,,t complex protein 1 subunit theta,0.0
XP_027268236.1,vitamin K-dependent protein S [Cricetulus griseus],49.52673603937872,130.59593809618073,52.263966944989264,106.78660544459024,22.413199901215982,0.0,0.2616325254864401,63.50072654477978,14.366343911122694,vitamin k dependent protein s,,,,,,vitamin k dependent protein s,,,,0.0
XP_027268506.1,follistatin-related protein 1 [Cricetulus griseus],50.95487906420151,335.48841402521253,174.17640064818423,20.8161865722528,68.55911479200468,341.5665157827108,3.041145984440851,130.22132573445066,63.33237029015567,follistatin related protein 1,follistatin related protein 1,,,,follistatin related protein 1,follistatin related protein 1,,,,0.0
XP_027269616.1,T-complex protein 1 subunit zeta [Cricetulus griseus],16.99079819930383,407.9985983249264,94.48043205482772,0.8290812094701853,1.2001545485981897,27.744350911573715,1.8221094614981528,302.8537716391066,63.92896420636996,t complex protein 1 subunit zeta,,,,,,,,,t complex protein 1 subunit zeta,0.0
XP_027269644.1,GTP-binding nuclear protein Ran isoform X2 [Cricetulus griseus],17.7639846882901,262.3698797145459,72.07143549163462,1.551299635637578,27.957073029283077,81.6826544505911,0.9921989616678748,103.11105393287788,22.941588544735986,gtp binding nuclear protein ran isoform x2,gtp binding nuclear protein,,,,,,,,gtp binding nuclear protein ran,0.0
XP_027269956.1,putative phospholipase B-like 2 [Cricetulus griseus],103.19125583004286,1024.1301927710645,296.2063409376138,146.67015859503522,29.200703202461227,76.54582046612448,9.765161653052834,286.9505637186983,92.95077167845588,putative phospholipase b like 2,phospholipase b like 2,phospholipase b like 2,,,,phospholipase b like,,putative phospholipase b like 2,putative phospholipase b like 2,0.4095065127535773
XP_027269992.1,heat shock protein beta-8 [Cricetulus griseus],0.7118901293843013,3.7510735115174394,1.7309961674758036,0.1422009461412892,0.919136231223479,0.0,0.0,0.874649430914649,0.2359090654958116,heat shock protein beta 8,,,heat shock protein,,,,,,,0.0
XP_027270017.1,60S acidic ribosomal protein P0 isoform X1 [Cricetulus griseus],3.3549434740971886,119.7502823013091,46.16836053085474,0.0,0.0,3.1785737992357,2.115122504430265,110.70174662823035,39.19635001262588,60s acidic ribosomal protein p0 isoform x1,60s acidic ribosomal protein p0,,,,,,,,60s acidic ribosomal protein p0,0.0
XP_027270674.1,pyruvate kinase PKM isoform X2 [Cricetulus griseus],68.59204898895393,304.6776539954157,124.0126745438174,18.370277510099296,19.122061381875813,18.53994866290861,0.4287015545768929,109.6712024832092,39.581226608739314,pyruvate kinase pkm isoform x2,pyruvate kinase,pyruvate kinase,,pyruvate kinase,,,,,,0.0
XP_027270812.1,chondroitin sulfate proteoglycan 4 [Cricetulus griseus],72.16944756789925,1046.1135177619135,2178.063153009061,11.537436025350962,2.860137750110964,0.0,0.0,16.76383298433692,0.0,chondroitin sulfate proteoglycan 4,chondroitin sulfate proteoglycan 4,,,,chondroitin sulfate proteoglycan 4,,chondroitin sulfate proteoglycan 4,,,0.0
XP_027271994.1,heat shock protein beta-1 isoform X2 [Cricetulus griseus],26.718798604822798,48.595614607782025,18.81722987304214,0.9515259661798392,8.565897422983307,9.11016087410149,0.4924219174996505,22.172453687106373,4.915881625466596,heat shock protein beta 1 isoform x2,,,heat shock protein,,,,,,,0.0
XP_027272044.1,procollagen C-endopeptidase enhancer 1 [Cricetulus griseus],374.0703553128017,498.6738998398352,258.2895308982554,237.71394309894632,160.66685739816302,2010.046930232966,3.9194372077755584,390.0605484010839,153.87856313834124,procollagen c endopeptidase enhancer 1,procollagen c endopeptidase enhancer,,,,procollagen c endopeptidase enhancer 1,procollagen c endopeptidase enhancer 1,,,,0.0
XP_027272306.1,peptidyl-prolyl cis-trans isomerase FKBP3 isoform X2 [Cricetulus griseus],10.021743903998344,0.0,0.0,1.813849236897292,96.50608192456464,120.5226950592903,0.0,0.0,0.0,peptidyl prolyl cis trans isomerase fkbp3 isoform x2,,,,peptidyl prolyl cis trans isomerase,,peptidyl prolyl cis trans isomerase,,,,0.0
XP_027272775.1,laminin subunit beta-1 isoform X1 [Cricetulus griseus],35.17530580701226,650.7377433281829,602.0824860769434,23.75015852159242,1842.3862371999007,273.6518142110852,0.0,71.7390128954638,6.303744443118567,laminin subunit beta 1 isoform x1,laminin subunit beta 1,,,,laminin subunit beta 1,,laminin subunit beta 1 isoform x1,,,0.0
XP_027273039.1,peroxiredoxin-6 isoform X2 [Cricetulus griseus],21.18752555188019,66.04326526493946,17.4716107513185,116.02643343087702,56.46076239897232,61.7740528458368,176.97223524850185,29.723987263484503,89.06844328329528,peroxiredoxin 6 isoform x2,,peroxiredoxin,,,,,,,,0.0
XP_027273832.1,40S ribosomal protein S28 [Cricetulus griseus],10.082120937951052,0.8805138138388217,0.8847402444179161,0.0,11.236776418956309,270.7458360204428,0.0,0.6287623219862974,0.1803873010214219,40s ribosomal protein s28,,,,,,40s ribosomal protein s28,,,,0.0
XP_027274154.1,eukaryotic translation initiation factor 2 subunit 1 [Cricetulus griseus],6.837055729197993,10.049994020879952,8.74828319456576,4.358786013955172,5.370100946036124,28.31481994469704,0.3291007926841127,6.382901632621631,1.216624053877018,eukaryotic translation initiation factor 2 subunit 1,,,,,,,,,eukaryotic translation initiation factor 2 subunit 1,0.0
XP_027274741.1,transgelin-2 [Cricetulus griseus],7.233126402577054,17.808987954729528,3.5040917559716345,0.0,119.03569028703632,51.86564397442292,0.0,10.842688527812696,0.9584404688830048,transgelin 2,transgelin 2,,,,,,,,,0.0
XP_027274751.1,immunoglobulin superfamily member 8 isoform X3 [Cricetulus griseus],4.773584294529159,0.0,0.0,0.0,40.8970553353147,19.401336454650053,0.0,2.216386835387304,0.0,immunoglobulin superfamily member 8 isoform x3,,,,,immunoglobulin superfamily member 8,,,,,0.0
XP_027274961.1,legumain [Cricetulus griseus],89.32786808013275,10.459908837863452,3.938337034079872,44.84321660224336,67.59227789771292,68.89633365814501,0.0,4.333036873254389,0.2835141070401814,legumain,legumain,,,,legumain,,,,,0.0
XP_027275654.1,cathepsin Z [Cricetulus griseus],129.81663541066945,81.38683562670262,31.67725592589847,137.72214219372336,57.51729246752665,688.6218295631819,0.7836688457902831,40.08671632110547,7.684582497695157,cathepsin z,cathepsin z,cathepsin z,,,,,,,,0.0
XP_027275692.1,40S ribosomal protein S21 [Cricetulus griseus],1.4842247727772344,1.681529908775677,0.9174883709972942,0.0,0.7287824293540606,15.993532509159518,0.0440334068086108,1.5538337535635012,0.4811694196456841,40s ribosomal protein s21,,,,,,,,,40s ribosomal protein s21,0.0
XP_027277166.1,eukaryotic translation initiation factor 6 isoform X2 [Cricetulus griseus],3.124095651450523,39.52438887826697,14.290523093952986,0.4296149666959521,1.8402004821757767,0.0,0.5827899928959384,26.09503332220197,11.976142919535508,eukaryotic translation initiation factor 6 isoform x2,,,,,,eukaryotic translation initiation factor 6,,,,0.0
XP_027277349.1,peptidyl-prolyl cis-trans isomerase FKBP1A isoform X2 [Cricetulus griseus],3.14211758475588,0.0,0.0,0.0,0.0,255.11495549205185,0.0,0.0,0.0,peptidyl prolyl cis trans isomerase fkbp1a isoform x2,,,,peptidyl prolyl cis trans isomerase,,peptidyl prolyl cis trans isomerase,,,,0.0
XP_027278064.1,"actin, alpha cardiac muscle 1 [Cricetulus griseus]",35.96331933660143,174.37955793956627,90.26669769507062,5.08899175421968,2.336004425584372,14.39130906026118,0.0,124.52160928380322,24.342640081187263,actin alpha cardiac muscle 1,,,actin,,actin,,,,actin alpha cardiac muscle 1,0.0
XP_027278163.1,catalase isoform X1 [Cricetulus griseus],7.738679867888528,8.505713578053046,5.338432704534018,7.453065756887839,1.5860487614655276,5.497290751020348,0.0,12.659306137160796,1.2186167984067762,catalase isoform x1,catalase,,,,,,,,,0.0
XP_027278839.1,collagen alpha-1(V) chain isoform X5 [Cricetulus griseus],354.0469503717685,77.38385441303815,41.01202853717251,180.20870059890484,1152.3583416325266,1887.64982337616,0.0,3.716326152020888,2.4234756152383765,collagen alpha 1(v) chain isoform x5,,,,,,collagen alpha ,,,,0.0
XP_027279240.1,lysosomal protective protein [Cricetulus griseus],203.3301806255161,61.82171571856465,40.26143908928203,153.82281314007503,267.8722993928916,75.55295744309694,0.0,15.88129255518128,9.804203854307088,lysosomal protective protein,lysosomal protective protein,,lysosomal protective protein,,,,,,,0.0
XP_027279241.1,phospholipid transfer protein isoform X1 [Cricetulus griseus],986.989243974896,7223.057226429823,4612.794214159669,278.06927368921936,382.6931394660446,746.3224636015362,38.17556761547072,2719.110207909361,586.8731071132509,phospholipid transfer protein isoform x1,phospholipid transfer protein,,,,,,,,,0.0
XP_027279267.1,syndecan-4 [Cricetulus griseus],0.3839791927159746,0.0,0.0,0.0,0.0,2.455758033357746,0.0,0.0,0.0,syndecan 4,,,,,syndecan 4,,,,,0.0
XP_027279575.1,60S ribosomal protein L12 isoform X2 [Cricetulus griseus],1.8135001509373048,80.67415118864146,26.521623742086888,0.0,2.038581642498513,19.667320016808823,1.4016074452794545,77.4633541140613,17.228662253213432,60s ribosomal protein l12 isoform x2,,,,,,,,,60s ribosomal protein l12,0.0
XP_027279882.1,60S ribosomal protein L23 [Cricetulus griseus],0.1424942212008016,1.7025761273992157,0.4370329081864958,0.0,0.3904471819104373,3.669884739844046,0.0,1.1571988166707323,0.4145235320119625,60s ribosomal protein l23,,,,,,,,,60s ribosomal protein l23a,0.0
XP_027280118.1,nucleoside diphosphate kinase B [Cricetulus griseus],38.21694819034565,27.746163216508272,14.785809785552852,41.1885927662616,62.25952629501448,146.68199010429734,0.1512202323879684,4.23632623007408,1.4568680524049422,nucleoside diphosphate kinase b,nucleoside diphosphate kinase b,,,,,,,,nucleoside diphosphate kinase b,0.0
XP_027280121.1,nucleoside diphosphate kinase A isoform X1 [Cricetulus griseus],29.26062070387303,12.988157959878077,5.647164239512296,17.259889488068794,30.90419023381917,46.12673320247786,0.0748668197869517,3.0595244814033498,0.8573468819766573,nucleoside diphosphate kinase a isoform x1,,,,,,,,,nucleoside diphosphate kinase a,0.0
XP_027280477.1,protein disulfide-isomerase A6 isoform X2 [Cricetulus griseus],13.482937238990212,7.342295630283299,3.834577330522346,17.595616877864824,21.9012574800432,34.401917094196364,0.0,7.247918674453754,1.5926928080937817,protein disulfide isomerase a6 isoform x2,protein disulfide isomerase,protein disulfide isomerase,,,,,,protein disulfide isomeras,protein disulfide isomerase a6,0.0
XP_027280493.1,14-3-3 protein theta [Cricetulus griseus],3.138179003437265,13.634698967401496,10.076135379383729,4.775675354235148,0.7849551847828399,0.0,0.1232020753291457,17.511592528547116,3.46211784028222,14 3 3 protein theta,,,,,,14 3 3 protein theta,,,,0.0
XP_027280693.1,brain-specific serine protease 4 isoform X1 [Cricetulus griseus],49.85058861505004,38.03865661291847,14.457466192691903,16.628317033776902,128.18365500639018,243.5631825343324,0.0,18.93988149380001,1.82767364148322,brain specific serine protease 4 isoform x1,serine protease,serine protease,,,,,,,,0.0
XP_027281031.1,nudC domain-containing protein 2 [Cricetulus griseus],1.7696955335662423,1.1002806915856849,0.0,0.0,7.114204296212977,4.52684281768311,0.0,0.2164493568095322,0.0,nudc domain containing protein 2,,,,,,nudc domain containing protein 2,,,,0.0
XP_027282087.1,retinoid-inducible serine carboxypeptidase [Cricetulus griseus],65.18864276152424,757.2269336814679,616.175302666364,18.551373649779123,12.406650535267264,21.19749078807322,11.268981953420438,757.9713852123054,172.8244199235707,retinoid inducible serine carboxypeptidase,,,,,,carboxypeptidase,,,,0.0
XP_027282301.1,C-C motif chemokine 2 [Cricetulus griseus],2391.097145849671,153.5809068136951,85.02489705491804,1665.6079246220297,2258.16053415792,7394.202067528473,1.7473516312835398,59.74951347898372,30.572850664063527,c c motif chemokine 2,c c motif chemokine,,,,,c c motif chemokine,,,,0.2777456952579994
XP_027282302.1,C-C motif chemokine 7 [Cricetulus griseus],8.168399226355554,0.0,0.0,0.0,8.098230278702607,576.2011816018946,0.0,0.0,0.3441648662611778,c c motif chemokine 7,c c motif chemokine,,,,,c c motif chemokine,,,,0.0
XP_027282394.1,fructose-bisphosphate aldolase C [Cricetulus griseus],21.811229456095173,7.215252303202117,7.530850138108061,17.777881394410485,0.6416706608017813,3.4805123762647896,0.0,1.6891551865271974,0.5895743354913935,fructose bisphosphate aldolase c,fructose bisphosphate aldolase,,,,,,,,,0.0
XP_027282494.1,LOW QUALITY PROTEIN: carboxypeptidase D isoform X2 [Cricetulus griseus],44.94573014614285,124.3240956834784,720.8329509812803,9.871926827038672,10.130043263254793,0.0,0.9969858901135016,68.09384812162197,16.22142490615972,low quality protein: carboxypeptidase d isoform x2,carboxypeptidase d,carboxypeptidase d,,,,carboxypeptidase,,,,0.0
XP_027282527.1,14-3-3 protein epsilon isoform X2 [Cricetulus griseus],35.84828354602916,85.20011979472886,28.497086406502024,43.51524983841417,10.630634241664648,7.714078227715722,1.8307039374335925,30.98950618008473,4.781065142623998,14 3 3 protein epsilon isoform x2,,,,,,,,,14 3 3 protein epsilon,0.0
XP_027283255.1,SPARC isoform X4 [Cricetulus griseus],5.399239435007939,0.2805554665055042,0.0,2.894392775951184,0.0,0.0,0.0,0.3182236875890935,0.0,sparc isoform x4,,,sparc,,sparc,,,,,0.0
XP_027283365.1,S-phase kinase-associated protein 1 [Cricetulus griseus],2.197507940099821,1.9530578843590432,0.0,0.0,0.0,0.0,0.0,0.5960195948105841,0.0,s phase kinase associated protein 1,,,,,,s phase kinase associated protein 1,,,,0.0
XP_027283782.1,granulins isoform X1 [Cricetulus griseus],35.93444427853211,90.32283592361588,58.782463522307054,14.449018002980672,26.860224863405623,229.5877395599498,0.0,43.90294728421387,18.26587917864157,granulins isoform x1,granulins,,,,,,,,,0.0
XP_027283961.1,peptidyl-prolyl cis-trans isomerase FKBP10 isoform X1 [Cricetulus griseus],5.861766151575549,36.54466159211705,22.226360588014263,9.05922236042156,0.0,0.0,0.0,33.49411528336058,16.050926177702802,peptidyl prolyl cis trans isomerase fkbp10 isoform x1,,,,peptidyl prolyl cis trans isomerase,,peptidyl prolyl cis trans isomerase,,,,0.0
XP_027284060.1,triosephosphate isomerase isoform X2 [Cricetulus griseus],40.053390823669375,54.3147935404382,18.73110697094884,12.520651420514872,135.18830952116062,32.301634488777594,0.3424147097581288,26.30781393022164,9.648143466531764,triosephosphate isomerase isoform x2,triosephosphate isomerase,,,,,,,,triosephosphate isomerase,0.0
XP_027284190.1,peptidyl-prolyl cis-trans isomerase FKBP4 isoform X2 [Cricetulus griseus],4.961248234313155,18.766487878385227,5.867407015249176,4.232441042108821,4.038136946368306,5.566623199831924,0.0,7.309531293240366,1.063725404646831,peptidyl prolyl cis trans isomerase fkbp4 isoform x2,,,,peptidyl prolyl cis trans isomerase,,peptidyl prolyl cis trans isomerase,,,,0.0
XP_027284552.1,T-complex protein 1 subunit eta isoform X2 [Cricetulus griseus],19.58199054397213,240.21954117163975,93.80998965551989,0.9202635439233136,0.0,0.0,2.8615300144749325,136.23566929135453,36.79443153133423,t complex protein 1 subunit eta isoform x2,,,,,,,,,t complex protein 1 subunit eta,0.0
XP_027285466.1,peptidyl-prolyl cis-trans isomerase FKBP14 isoform X1 [Cricetulus griseus],1.7727680567483093,0.0,0.0,0.1626957671227358,2.9669494229482622,5.206154161362371,0.0,0.4596040404577989,0.0,peptidyl prolyl cis trans isomerase fkbp14 isoform x1,,,,peptidyl prolyl cis trans isomerase,,peptidyl prolyl cis trans isomerase,,,,0.0
XP_027285515.1,peptidyl-prolyl cis-trans isomerase FKBP9 [Cricetulus griseus],7.141448957536005,10.908201552089572,0.0,15.788078735045827,0.9670902171540136,0.0,0.0,17.956010976518687,0.8783115468834514,peptidyl prolyl cis trans isomerase fkbp9,,,,peptidyl prolyl cis trans isomerase,,peptidyl prolyl cis trans isomerase,,,,0.0
XP_027286240.1,flavin reductase (NADPH) isoform X2 [Cricetulus griseus],9.796101489346745,29.40933999399665,7.446774283418375,0.0,124.69881191200793,146.87583147107685,0.3226789429511179,13.81738861519548,5.567208141184553,flavin reductase (nadph) isoform x2,,,,,,flavin reductase,,,,0.0
XP_027286887.1,suprabasin isoform X1 [Cricetulus griseus],1063.4451116348723,7.727997728589218,20.213647168102757,18.07197900901983,827.2861034764195,3674.154662154932,0.0,0.0,0.9130113875822272,suprabasin isoform x1,,,,,,suprabasin,,,,0.0
XP_027287131.1,calmodulin-3 isoform X3 [Cricetulus griseus],15.139697972266264,0.0,0.0,1.859337458527444,113.07562941846562,29.599363536046205,0.0,0.0,0.0,calmodulin 3 isoform x3,calmodulin,,,,,,,,,0.0
XP_027287700.1,"10 kDa heat shock protein, mitochondrial [Cricetulus griseus]",7.047332637669208,0.0,0.0,0.0,25.790051150350656,31.822278540012725,0.0,0.0,0.0,10 kda heat shock protein mitochondrial,,,heat shock protein,,,,,,,0.0
XP_027288083.1,metalloproteinase inhibitor 1 [Cricetulus griseus],66.8946133714652,17.039953701618195,11.12190468809528,11.039066909830504,44.595376545717095,584.889258823511,0.0,16.266135602951216,7.153801583026298,metalloproteinase inhibitor 1,metalloproteinase inhibitor 1,,metalloproteinase inhibitor 1,,metalloproteinase inhibitor 1,metalloproteinase inhibitor 1,,,metalloproteinase inhibitor 1,0.0
XP_027288193.1,V-type proton ATPase subunit S1 isoform X2 [Cricetulus griseus],28.422344888648816,70.87178918726852,18.714566605426576,13.078157573675252,29.25779834385082,24.20558946656976,0.0,29.3451486456559,5.291550645136332,v type proton atpase subunit s1 isoform x2,,,v type proton atpase subunit s1,,,,,,,0.0
XP_027288513.1,peroxiredoxin-4 isoform X5 [Cricetulus griseus],242.5767298885059,491.3147913039072,299.5143968831902,138.77978281987978,159.51161916304466,276.01386897464795,0.0,393.9203079000808,179.25044860742526,peroxiredoxin 4 isoform x5,,peroxiredoxin,,,,,,,,0.0
XP_027288630.1,alpha-galactosidase A isoform X3 [Cricetulus griseus],10.130271559805989,46.88114371310374,96.51364208800918,22.072339834146995,0.0,6.3822319038144935,0.6642569405186532,58.48970709024804,19.11549374266696,alpha galactosidase a isoform x3,,,,,alpha galactosidase a,,,,,0.0
XP_027288991.1,renin receptor isoform X5 [Cricetulus griseus],19.972874610566823,399.51085510893904,107.9402940608024,5.1153248345302,50.226830139941,14.248387353869411,0.2312244786703488,137.10114554324707,7.166893028169453,renin receptor isoform x5,,,renin receptor,,,,,,,0.0
NP_001230907.1,tubulin alpha-1A chain [Cricetulus griseus],0.0,1.7891661327248027,1.24812249760607,0.0,0.0,0.0,0.0,2.4587329682906582,0.0,tubulin alpha 1a chain,tubulin alpha 1a chain,,,,,,,,,0.0
NP_001230969.1,40S ribosomal protein S17 [Cricetulus griseus],0.0,0.6628888634388771,0.0,0.0,0.0,0.0,0.0,0.0,0.0,40s ribosomal protein s17,,,,,,,,,40s ribosomal protein s17,0.0
NP_001231051.1,calreticulin precursor [Cricetulus griseus],0.0,9.89999966164109,2.534520337605989,2.732951110777294,1.5938279384862613,77.48108282574404,0.2364159276611586,13.55668535299118,3.375302643028311,calreticulin precursor,calreticulin,,,,,,,,,0.0
NP_001233698.1,matrix metalloproteinase-14 precursor [Cricetulus griseus],0.0,9.792172074073807,0.0,0.0,0.0,22.734529459151695,0.0,12.115064241261368,0.0,matrix metalloproteinase 14 precursor,,matrix metalloproteinase,,,,,,,,0.0
XP_027244842.1,peptidyl-prolyl cis-trans isomerase FKBP5 [Cricetulus griseus],0.0,10.968267845045794,3.394573785683654,0.0,0.0,0.0,0.0,3.957250799668169,0.0,peptidyl prolyl cis trans isomerase fkbp5,,,,peptidyl prolyl cis trans isomerase,,peptidyl prolyl cis trans isomerase,,,,0.0
XP_027245568.1,glutathione S-transferase kappa 1 isoform X1 [Cricetulus griseus],0.0,0.2671925189109091,0.0,0.0,0.3287430230784436,0.0,0.0,0.0,0.0,glutathione s transferase kappa 1 isoform x1,,glutathione s transferase,,,,glutathione s transferase,,,,0.0
XP_027248528.1,"ATP synthase subunit beta, mitochondrial [Cricetulus griseus]",0.0,3.957354310305972,3.381055820893629,0.0,0.0,0.0,0.0,9.112500099135117,0.0,atp synthase subunit beta mitochondrial,,,atp synthase subunit beta mitochondrial,,,,,,,0.0
XP_027249198.1,protein S100-A10 [Cricetulus griseus],0.0,4.009777760104416,0.0,0.0,0.0,0.0,0.0,4.581582048294943,0.1590317073880119,protein s100 a10,,protein s100,,,,protein s100 a10,,,,0.0
XP_027249497.1,histone H2B type 1 [Cricetulus griseus],0.0,11.805342760213904,1.1534802426283424,0.0,0.0,0.0,0.0,4.869260978614386,0.0,histone h2b type 1,histone h2b type 1 n,,,,,,,,histone h2b type 1 n,0.0
XP_027253429.1,glypican-1 isoform X2 [Cricetulus griseus],0.0,56.111143806805565,28.356726558741197,1.8966368749806184,1.944332175025104,0.0,0.0,61.15511454759184,11.334902781121242,glypican 1 isoform x2,,,,,glypican 1,,,,,0.0
XP_027259446.1,protein disulfide-isomerase TMX3 isoform X5 [Cricetulus griseus],0.0,11.571498545123024,3.7525792799534177,0.0,0.0,0.0,0.0,14.504022438971434,4.318307008295421,protein disulfide isomerase tmx3 isoform x5,protein disulfide isomerase,protein disulfide isomerase,,,,,,protein disulfide isomeras,,0.0
XP_027259718.1,myosin-9 isoform X2 [Cricetulus griseus],0.0,267.440939680763,134.17015305398624,0.0,0.0,0.0,5.189608157410933,292.0323968767171,63.98343667732895,myosin 9 isoform x2,myosin 9,,,,,,,,,0.0
XP_027259796.1,85/88 kDa calcium-independent phospholipase A2 isoform X4 [Cricetulus griseus],0.0,15.097730341946422,0.0,0.0,0.0,0.0,0.0,8.263905785094623,0.0,85/88 kda calcium independent phospholipase a2 isoform x4,,,,,,lipase,,,,0.0
XP_027263985.1,lactadherin isoform X5 [Cricetulus griseus],0.0,65.6910586292074,10.025746101386256,8.53651276955589,2.857647834297264,0.0,0.2860320859101694,50.25126850475076,3.804195633333948,lactadherin isoform x5,lactadherin,,,,lactadherin,,,,lactadherin,0.0
XP_027264418.1,barrier-to-autointegration factor [Cricetulus griseus],0.0,0.7492371743704551,0.0674197161195297,0.0,0.0,1.0156174720384874,0.0,0.9724238047799174,0.0,barrier to autointegration factor,,,,,,barrier to autointegration factor,,,,0.0
XP_027265128.1,phosphatidylinositol-glycan-specific phospholipase D [Cricetulus griseus],0.0,27.89001274083584,7.190606088627552,0.0,0.0,0.0,0.0,14.435778252219228,3.911990505808546,phosphatidylinositol glycan specific phospholipase d,,,,,,lipase,,,,0.0
XP_027265955.1,40S ribosomal protein S15a [Cricetulus griseus],0.0,50.16665801388938,12.153003251005876,0.0,0.0,0.0,0.7282872572725625,58.2653844770973,11.79022331444905,40s ribosomal protein s15a,,,,,,,,,40s ribosomal protein s15a,0.0
XP_027267257.1,ubiquitin-like protein 5 [Cricetulus griseus],0.0,0.5608407041415115,0.1673942961726587,0.0,0.0,0.0,0.0,0.2055095872774166,0.0,ubiquitin like protein 5,,,,,,ubiquitin,,ubiquitin,,0.0
XP_027269013.1,stromal cell-derived factor 2-like protein 1 [Cricetulus griseus],0.0,26.032190251593203,4.639603231790615,0.0,2.9710823645178746,13.433451364497838,0.0,3.3912740259490968,0.0,stromal cell derived factor 2 like protein 1,,,,,,stromal cell derived factor 2 like protein 1,,,,0.0
XP_027270673.1,pyruvate kinase PKM isoform X1 [Cricetulus griseus],0.0,50.64543266385352,14.923467163393257,0.0,0.0,0.0,0.0,13.184964056149544,2.758423379543409,pyruvate kinase pkm isoform x1,pyruvate kinase,pyruvate kinase,,pyruvate kinase,,,,,,0.0
XP_027273163.1,laminin subunit gamma-1 isoform X2 [Cricetulus griseus],0.0,50.054879637707145,33.70728676101707,0.0,0.0,0.0,0.0,0.0,0.0,laminin subunit gamma 1 isoform x2,laminin subunit gamma 1,,,,laminin subunit gamma 1,,,,,0.0
XP_027274198.1,alpha-actinin-1 isoform X6 [Cricetulus griseus],0.0,1.3845339125815674,52.19625323353603,0.0,0.0,0.0,0.0,5.292392449800423,1.7508030937093015,alpha actinin 1 isoform x6,,,actin,,actin,,,,,0.0
XP_027274541.1,lysophospholipase-like protein 1 isoform X2 [Cricetulus griseus],0.0,14.023671432061455,3.2083844960237524,0.0,0.0,0.0,0.0,3.592749530014818,0.0,lysophospholipase like protein 1 isoform x2,,,,,,lipase,,,,0.0
XP_027275671.1,proteasome subunit alpha type-7 isoform X2 [Cricetulus griseus],0.0,8.684936901227202,7.625616842713763,0.0,0.0,0.0,0.0,9.58621092732603,1.3688408364975966,proteasome subunit alpha type 7 isoform x2,proteasome subunit alpha type 7,,,,,,,,proteasome subunit alpha type 7,0.0
XP_027279826.1,"heat shock protein 75 kDa, mitochondrial [Cricetulus griseus]",0.0,276.85126172419024,2.3536514675257023,0.0,0.0,0.0,0.0,201.86988495252405,1.1694693107856464,heat shock protein 75 kda mitochondrial,,,heat shock protein,,,,,,,0.0
XP_027280545.1,low molecular weight phosphotyrosine protein phosphatase isoform X2 [Cricetulus griseus],0.0,1.8156873944421748,6.547899864774893,0.0,2.518133997530998,14.677260530777213,0.0,0.689249036335999,0.0,low molecular weight phosphotyrosine protein phosphatase isoform x2,,,,,,,,,phosphotyrosine protein phosphatase,0.0
XP_027280694.1,3-phosphoinositide-dependent protein kinase 1 isoform X2 [Cricetulus griseus],0.0,5.538848144923185,1.1799742579621109,0.0,0.0,0.0,0.0,2.676821212031025,0.0,3 phosphoinositide dependent protein kinase 1 isoform x2,,,,,3 phosphoinositide dependent protein kinase 1,,,,,0.0
XP_027281289.1,N-sulphoglucosamine sulphohydrolase isoform X1 [Cricetulus griseus],0.0,1.3673647573219734,0.0,0.0,0.0,0.0,0.0,0.0,0.0,n sulphoglucosamine sulphohydrolase isoform x1,,,,,n sulphoglucosamine sulphohydrolase,,,,,0.0
XP_027282357.1,galectin-9 isoform X4 [Cricetulus griseus],0.0,1.4439864426563631,0.4360325630556865,0.0,0.0,20.97843343021948,0.0,1.2465177197350643,0.0,galectin 9 isoform x4,,,,,,galectin,,,,0.0
XP_027284320.1,protein disulfide-isomerase A4 [Cricetulus griseus],0.0,13.497777079897878,0.0,0.0,1.028341662844829,0.0,0.0,17.884889762777945,0.7483188555116413,protein disulfide isomerase a4,protein disulfide isomerase,protein disulfide isomerase,,,,,,protein disulfide isomeras,,0.0
XP_027284541.1,sepiapterin reductase isoform X2 [Cricetulus griseus],0.0,7.165333503209169,0.8804672587496021,0.0,1.9213541149479012,0.0,0.0,7.2976187282494385,2.123679816549745,sepiapterin reductase isoform x2,,,,,,sepiapterin reductase,,,,0.0
XP_027287055.1,heat shock protein beta-6 isoform X2 [Cricetulus griseus],0.0,0.5629478908701555,0.0,0.0,0.0,0.0,0.0,0.3586602886319321,0.0,heat shock protein beta 6 isoform x2,,,heat shock protein,,,,,,,0.0
XP_027279237.1,matrix metalloproteinase-9 [Cricetulus griseus],0.0,0.0,21.640968841050757,0.0,0.0,0.0,0.0,0.0,0.0,matrix metalloproteinase 9,,matrix metalloproteinase,,,matrix metalloproteinase 9,,,,,0.0
XP_027281318.1,galectin-3-binding protein [Cricetulus griseus],0.0,0.0,2.5823500136261885,0.0,0.0,0.0,0.0,0.0,0.0,galectin 3 binding protein,galectin 3 binding protein,,galectin 3 binding protein,,galectin 3 binding protein,galectin,,,galectin 3,0.0
XP_027285235.1,"serine protease HTRA2, mitochondrial [Cricetulus griseus]",0.0,0.0,2.002878113404242,0.0,0.0,0.0,0.0,0.0,0.0,serine protease htra2 mitochondrial,serine protease,serine protease,,,,,,,,0.0
XP_027248601.1,glutathione S-transferase A6 isoform X2 [Cricetulus griseus],0.0,0.0,0.0,0.0,2.286770160868632,0.0,0.0,0.0,0.0,glutathione s transferase a6 isoform x2,,glutathione s transferase,,,,glutathione s transferase,,,,0.0
XP_027269173.1,"10 kDa heat shock protein, mitochondrial [Cricetulus griseus]",0.0,0.0,0.0,0.0,6.235672726240518,9.572667719764189,0.0,0.0,0.0,10 kda heat shock protein mitochondrial,,,heat shock protein,,,,,,,0.0
XP_027286251.1,phospholipase D3 [Cricetulus griseus],0.0,0.0,0.0,0.0,1.3310483862938634,0.0,0.0,0.0,0.0,phospholipase d3,phospholipase d3,,,,,lipase,,,,0.0
XP_027265251.1,galectin-8 [Cricetulus griseus],0.0,0.0,0.0,0.0,0.0,5.954469545368074,0.0,0.0,0.0,galectin 8,,,,,,galectin,,,,0.0
XP_027279271.1,antileukoproteinase [Cricetulus griseus],0.0,0.0,0.0,0.0,0.0,180.12881206613562,0.0,0.0,0.0,antileukoproteinase,,,,,,antileukoproteinase,,,,0.0
XP_027272084.1,C-C motif chemokine 24 [Cricetulus griseus],0.0,0.0,0.0,0.0,0.0,0.0,0.0,2.499934667562438,0.6223856611939221,c c motif chemokine 24,c c motif chemokine,,,,,c c motif chemokine,,,,0.0
XP_027278950.1,TBC1 domain family member 13 isoform X1 [Cricetulus griseus],0.0,0.0,0.0,0.0,0.0,0.0,0.0,1.3700261327316785,0.0,tbc1 domain family member 13 isoform x1,,,,,,tbc1 domain family member 13,,,,0.0
